{"cameraMode":{"drawMode":0,"name":"Shaded","section":"Shading Mode"},"sceneLighting":true,"audioPlay":false,"sceneViewState":{"showFog":true,"showMaterialUpdate":true,"showSkybox":true,"showFlares":true,"showImageEffects":true,"showParticleSystems":true},"in2DMode":false,"pivot":{"x":-1.789684772491455,"y":1.3320093154907227,"z":1.4058780670166016},"rotation":{"x":-0.07708969712257385,"y":0.8605952858924866,"z":-0.13694901764392854,"w":-0.48443564772605898},"size":10.0,"orthographic":false}