{"cameraMode":{"drawMode":0,"name":"Shaded","section":"Shading Mode"},"sceneLighting":true,"audioPlay":false,"sceneViewState":{"showFog":true,"showMaterialUpdate":false,"showSkybox":true,"showFlares":true,"showImageEffects":true,"showParticleSystems":true},"in2DMode":false,"pivot":{"x":0.6428122520446777,"y":0.49019384384155276,"z":-0.8740921020507813},"rotation":{"x":-0.06606904417276383,"y":0.925311803817749,"z":-0.19027815759181977,"w":-0.32128992676734927},"size":10.0,"orthographic":false}